{
  "at": { "centroid": [14.1264761, 47.58549439], "scale": 100 },
  "au": { "centroid": [134.49100008, -25.73288704], "scale": 800 },
  "be": { "centroid": [4.64065114, 50.63981576], "scale": 9000 },
  "br": { "centroid": [-53.09783113, -10.78777702], "scale": 100 },
  "ca": { "centroid": [-98.30777028, 61.36206324], "scale": 400 },
  "cz": { "centroid": [15.31240163, 49.73341233], "scale": 1000 },
  "de": { "centroid": [10.38578051, 51.10698181], "scale": 3000 },
  "dk": { "centroid": [10.02800992, 55.98125296], "scale": 6500 },
  "ee": { "centroid": [25.54248537, 58.67192972], "scale": 5000 },
  "es": { "centroid": [-3.64755047, 40.24448698], "scale": 2400 },
  "fi": { "centroid": [26.2746656, 64.49884603], "scale": 2000 },
  "fr": { "centroid": [2.5, 46], "scale": 2500 },
  "gb": { "centroid": [-2.86563164, 56], "scale": 2000 },
  "gr": { "centroid": [22.9555579369, 37.9], "scale": 4000 },
  "it": { "centroid": [12.07001339, 41.2], "scale": 2000 },
  "jp": { "centroid": [138.030895577, 37.592301353], "scale": 2000 },
  "lt": { "centroid": [23.8871935548, 55], "scale": 8500 },
  "mx": { "centroid": [-102.52345169, 23.94753724], "scale": 1200 },
  "nl": { "centroid": [5.28144793, 52.1007899], "scale": 8000 },
  "no": { "centroid": [17, 65], "scale": 1400 },
  "nz": { "centroid": [171.484923466, -41.811135569], "scale": 1400 },
  "pl": { "centroid": [19.39012835, 52.12759564], "scale": 3400 },
  "se": { "centroid": [16.74558049, 62.77966519], "scale": 1400 },
  "us": { "centroid": [-112.4616737, 45.6795472], "scale": 300 }
}
